text,label
I love working with my team,positive
I really enjoy my job,positive
My workplace is supportive,positive
I am happy with my work,positive
I feel motivated at work,positive
My team helps me whenever I need support,positive
I am satisfied with my workload,positive
I enjoy collaborating with my colleagues,positive
I hate my workload,negative
I feel exhausted from work,negative
I am unhappy with my job,negative
My workload is causing me stress,negative
I feel frustrated at work,negative
I am overwhelmed by my responsibilities,negative
My work environment makes me unhappy,negative
I feel tired because of my job,negative
Work was normal today,neutral
My day at work was okay,neutral
Nothing unusual happened today,neutral
The workplace is average,neutral
My workload is manageable,neutral
Today was an ordinary workday,neutral
Everything was normal at work,neutral
I have no strong feelings about work today,neutral